variant,r@10,ndcg@10,p50_ms
Dense-only,0.00125,0.001042885296931158,25.18012499785982
Lexical-only (BM25),0.46023682036917324,0.666906640441348,434.5938125043176
Hybrid (no time),0.4274208863032392,0.6338186773693973,25.135750001936685
Hybrid (time decay),0.43475421963657246,0.637774596986788,25.403896004718263
Hybrid (no episodes),0.43475421963657246,0.637774596986788,25.403896004718263
