retriever,hit@1,recall@1,ndcg@1,hit@3,recall@3,ndcg@3,hit@5,recall@5,ndcg@5,hit@10,recall@10,ndcg@10,mrr
hybrid,0.92,0.2976514400632047,0.91,0.98,0.36149732457085393,0.7247384613205924,0.98,0.38940063204769065,0.6692386639922865,0.98,0.43475421963657246,0.637774596986788,0.9466666666666668
hybrid_no_time,0.92,0.2976514400632047,0.91,0.98,0.3574973245708539,0.7223808852938065,0.98,0.3854006320476907,0.6673692246220579,0.98,0.4274208863032392,0.6338186773693973,0.95
dense_only,0.0,0.0,0.0,0.0,0.0,0.0,0.0,0.0,0.0,0.02,0.00125,0.001042885296931158,0.002
bm25,1.0,0.34382791065144,1.0,1.0,0.374609423256482,0.757379594720656,1.0,0.3979665661136248,0.6957390705625806,1.0,0.46023682036917324,0.666906640441348,1.0
