retriever,hit@1,recall@1,ndcg@1,hit@3,recall@3,ndcg@3,hit@5,recall@5,ndcg@5,hit@10,recall@10,ndcg@10,mrr,n_queries
hybrid,0.023809523809523808,0.0015873015873015873,0.023809523809523808,0.3333333333333333,0.054318697175840036,0.10401560208873624,0.40476190476190477,0.09511698618841476,0.12309241842543701,0.5714285714285714,0.1667770390984677,0.14225792734095077,0.2082577475434618,42
hybrid_no_time,0.023809523809523808,0.0015873015873015873,0.023809523809523808,0.30952380952380953,0.048366316223459084,0.09696603278002515,0.38095238095238093,0.0891646052360338,0.11722807583637201,0.5238095238095238,0.156062753384182,0.13301361821293245,0.19297996976568405,42
dense_only,0.0,0.0,0.0,0.0,0.0,0.0,0.0,0.0,0.0,0.023809523809523808,0.0015873015873015873,0.0015147806714036123,0.002380952380952381,42
bm25,0.0,0.0,0.0,0.30952380952380953,0.04384061705490277,0.08579272977948335,0.35714285714285715,0.07633391740534598,0.09860808026357962,0.5476190476190477,0.18573017590874732,0.13300963382161632,0.1772675736961451,42
