win_acc,cite_r@3,episode_hit,med_abs_err_hours,n_queries,cite_p@1,cite_p@3,retriever,suite
1.0,0.8333333333333334,1.0,0.0,6,0.8333333333333334,0.27777777777777773,hybrid,recent
0.9772727272727273,0.9772727272727273,0.9772727272727273,0.0,44,0.9318181818181818,0.3257575757575759,hybrid,old
